city,title,published date,url,latitude,longitude
Trier,Research Associate (m/f/d),2024-11-18,https://leibniz-psychology.org/produkte/jobs/detail/trier-research-associate-m-f-d,49.74932846319964,6.635057863264014
Wittenberg,Psychologe (m/w/d; 32 WoStd.) (11_2024_537),2024-11-18,https://leibniz-psychology.org/produkte/jobs/detail/wittenberg-psychologe-m-w-d-32-wostd-11-2024-537,51.85194813933645,12.65200040758594
Stendal,Wissenschaftlichen Mitarbeiter (m/w/d) (177/2024),2024-11-18,https://leibniz-psychology.org/produkte/jobs/detail/stendal-wissenschaftlichen-mitarbeiter-m-w-d-177-2024,52.59586683984159,11.845554630076544
Oldenburg,Wissenschaftliche*r Mitarbeiter*in (75%) (Evaluation_JSA_Berlin),2024-11-18,https://leibniz-psychology.org/produkte/jobs/detail/oldenburg-wissenschaftlicher-mitarbeiterin-75-evaluation-jsa-berlin,53.1570630144259,8.233467328441465
Naila,Psychologe,2024-11-18,https://leibniz-psychology.org/produkte/jobs/detail/naila-psychologe,50.31446923994691,11.718227171920642
Leonberg,Psychologischer Psychotherapeut / Psychologe (m/w/d),2024-11-18,https://leibniz-psychology.org/produkte/jobs/detail/leonberg-psychologischer-psychotherapeut-psychologe-m-w-d,48.7926284553958,9.032906394388043
Konstanz,Kinder- und Jugendlichenpsychotherapeut*in (w/m/d) (2024/209),2024-11-18,https://leibniz-psychology.org/produkte/jobs/detail/konstanz-kinder-und-jugendlichenpsychotherapeutin-w-m-d-2024-209,47.67819122989555,9.178502212760778
Konstanz,Wissenschaftliche*r Mitarbeiter*in (m/w/d; 50%) (2024/237),2024-11-18,https://leibniz-psychology.org/produkte/jobs/detail/konstanz-wissenschaftlicher-mitarbeiterin-m-w-d-50-2024-237,47.657494469239744,9.177721145377408
Köln,Wissenschaftliche Mitarbeiter*in (KTS-65),2024-11-18,https://leibniz-psychology.org/produkte/jobs/detail/koeln-wissenschaftliche-mitarbeiterin-kts-65,50.9558288489601,6.9524445728077096
Kempen,Neuropsychologe / Neuropsychologin (Teilzeit),2024-11-18,https://leibniz-psychology.org/produkte/jobs/detail/kempen-neuropsychologe-neuropsychologin-teilzeit,51.366109328489436,6.4158091591025475
Hamburg,Wissenschaftliche:r Mitarbeiter:in (75%) (349),2024-11-18,https://leibniz-psychology.org/produkte/jobs/detail/hamburg-wissenschaftlicher-mitarbeiterin-75-349,53.533918325968514,9.9840578528399
Hamburg,Wissenschaftliche/r Mitarbeiter/in (GeiSo-1924),2024-11-18,https://leibniz-psychology.org/produkte/jobs/detail/hamburg-wissenschaftliche-r-mitarbeiter-in-geiso-1924,53.56318445226137,10.013597026165906
Fürth,Psychologe / Psychoonkologe (m/w/d),2024-11-18,https://leibniz-psychology.org/produkte/jobs/detail/fuerth-psychologe-psychoonkologe-m-w-d,49.49840598329629,10.97661759384861
Flensburg,Wissenschaftliche/r Mitarbeiter/in (d/m/w; 50%) (012516),2024-11-18,https://leibniz-psychology.org/produkte/jobs/detail/flensburg-wissenschaftliche-r-mitarbeiter-in-d-m-w-50-012516,54.79584402278783,9.415326307908156
Flensburg,Wissenschaftliche/r Mitarbeiter/in (d/m/w; 50%) (572416),2024-11-18,https://leibniz-psychology.org/produkte/jobs/detail/flensburg-wissenschaftliche-r-mitarbeiter-in-d-m-w-50-572416,54.77626357052969,9.426016296789824
Datteln,Wissenschaftliche:n Mitarbeiter:in,2024-11-18,https://leibniz-psychology.org/produkte/jobs/detail/datteln-wissenschaftlichen-mitarbeiterin,51.65138015704914,7.347296182239465
Datteln,Approbierte:r Psycholog:in und Kinder- und Jugendpsychotherapeut:in,2024-11-18,https://leibniz-psychology.org/produkte/jobs/detail/datteln-approbierter-psychologin-und-kinder-und-jugendpsychotherapeutin,51.66017783706069,7.354971311502094
Rostock,Wissenschaftliche/r Mitarbeiter/in (m/w/d; 30 WoStd.) (W 149/2024),2024-11-17,https://leibniz-psychology.org/produkte/jobs/detail/rostock-wissenschaftliche-r-mitarbeiter-in-m-w-d-30-wostd-w-149-2024,54.07300699016075,12.138578410632064
Oldenburg,W 2-Professur für Berufliche Qualifizierung,2024-11-17,https://leibniz-psychology.org/produkte/jobs/detail/oldenburg-w-2-professur-fuer-berufliche-qualifizierung,53.15794190436949,8.20817998525238
Oberschleißheim,Gesundheits- bzw. Sozial­wissen­schaftler (m/w/d) (24193),2024-11-17,https://leibniz-psychology.org/produkte/jobs/detail/oberschleissheim-gesundheits-bzw-sozialwissenschaftler-m-w-d-24193,48.24725309420857,11.555592665984692
Mainz,"Wissenschaftliche/r Mitarbeiter/in (m/w/d; 19,5 WoStd.)",2024-11-17,https://leibniz-psychology.org/produkte/jobs/detail/mainz-wissenschaftliche-r-mitarbeiter-in-m-w-d-195-wostd,49.99018097091589,8.278219274952098
Köln,"Wissenschaftliche*r Mitarbeiter*in (29,87 WoStd.) (Wiss2411-04)",2024-11-17,https://leibniz-psychology.org/produkte/jobs/detail/koeln-wissenschaftlicher-mitarbeiterin-2987-wostd-wiss2411-04,50.95784035647041,6.948790761819468
Klingenmünster,Psychologischer Psychotherapeut (m/w/d; 80%),2024-11-17,https://leibniz-psychology.org/produkte/jobs/detail/klingenmuenster-psychologischer-psychotherapeut-m-w-d-80,49.12357900842931,8.008598735118404
Kiel,Wissenschaftliche*r Mitarbeiter*in (m/w/d),2024-11-17,https://leibniz-psychology.org/produkte/jobs/detail/kiel-wissenschaftlicher-mitarbeiterin-m-w-d,54.30399963992531,10.121600936971115
Heiligenstadt,Psychologe /Psychologischer Psychotherapeut (m/w/d) für die Tagesklinik,2024-11-17,https://leibniz-psychology.org/produkte/jobs/detail/heiligenstadt-psychologe-psychologischer-psychotherapeut-m-w-d-fuer-die-tagesklinik,51.36769875297853,10.12479127329472
Hannover,"Psychologin (w/d/m; 19,25 WoStd.) (2793)",2024-11-17,https://leibniz-psychology.org/produkte/jobs/detail/hannover-psychologin-w-d-m-1925-wostd-2793,52.37758678985842,9.733133218317256
Gelsenkirchen,Schulpsychologe/Schulpsychologin (w/m/d; 50%) 4 (47.Z-SPsych-GE unbefristet),2024-11-17,https://leibniz-psychology.org/produkte/jobs/detail/gelsenkirchen-schulpsychologe-schulpsychologin-w-m-d-50-4-47z-spsych-ge-unbefristet,51.51995544982389,7.100532632600728
Euskirchen,Zwei Diplom-Psychologen/-innen oder Master of Science in Psychologie (m/w/d) (4403 - E - 2.924),2024-11-17,https://leibniz-psychology.org/produkte/jobs/detail/euskirchen-zwei-diplom-psychologen-innen-oder-master-of-science-in-psychologie-m-w-d-4403-e-2924,50.64276458372674,6.800523407916234
Düsseldorf,Professor (m/w/d) für Pädagogische Psychologie und Entwicklungspsychologie (2024-0719),2024-11-17,https://leibniz-psychology.org/produkte/jobs/detail/duesseldorf-professor-m-w-d-fuer-paedagogische-psychologie-und-entwicklungspsychologie-2024-0719,51.208044880893105,6.761277240010019
Düsseldorf,Referent*in (m/w/d) (J000000362),2024-11-17,https://leibniz-psychology.org/produkte/jobs/detail/duesseldorf-referentin-m-w-d-j000000362,51.23120636954741,6.795923219375134
Berlin Mitte,Psycholog:in (m/w/d) oder Kinder- und Jugendlichenpsychotherapeut:in im Fachdienst Erziehungs- und Familienberatung (m/w/d),2024-11-17,https://leibniz-psychology.org/produkte/jobs/detail/berlin-mitte-psychologin-m-w-d-oder-kinder-und-jugendlichenpsychotherapeutin-im-fachdienst-erziehungs-und-familienberatung-m-w-d,52.543822672156175,13.36594586477915
Berlin,Kinder- und Jugendlichenpsychotherapeut / Jugendlichenpsychotherapeutin (m/w/d) (KNK2314),2024-11-17,https://leibniz-psychology.org/produkte/jobs/detail/berlin-kinder-und-jugendlichenpsychotherapeut-jugendlichenpsychotherapeutin-m-w-d-knk2314,52.498808299059505,13.388419468745955
Sehnde,Psychologe/in oder Psychologische/r Psychotherapeutin / Psychotherapeut (m/w/d) (24EGHP),2024-11-14,https://leibniz-psychology.org/produkte/jobs/detail/sehnde-psychologe-in-oder-psychologische-r-psychotherapeutin-psychotherapeut-m-w-d-24eghp,52.31538359171254,9.958684483575249
Sehnde,Psychologe/in oder Psychologische/r Psychotherapeutin / Psychotherapeut (m/w/d) (24PKT),2024-11-14,https://leibniz-psychology.org/produkte/jobs/detail/sehnde-psychologe-in-oder-psychologische-r-psychotherapeutin-psychotherapeut-m-w-d-24pkt,52.29823006696092,9.981958026174178
Saalfeld,Psychologe (m/w/d) in Ausbildung (PiA),2024-11-14,https://leibniz-psychology.org/produkte/jobs/detail/saalfeld-psychologe-m-w-d-in-ausbildung-pia-1,50.640177200848505,11.372724862128946
Paderborn,Psychotherapeut (m/w/d; Teilzeit),2024-11-14,https://leibniz-psychology.org/produkte/jobs/detail/paderborn-psychotherapeut-m-w-d-teilzeit,51.72042617096936,8.759144569934406
Oldenburg,PhD position (75%),2024-11-14,https://leibniz-psychology.org/produkte/jobs/detail/oldenburg-phd-position-75,53.14515623132345,8.205015345132736
Lüneburg,Psycholog:in (m/w/d) in Ausbildung Station E64,2024-11-14,https://leibniz-psychology.org/produkte/jobs/detail/lueneburg-psychologin-m-w-d-in-ausbildung-station-e64,53.242027513334904,10.389660669395933
Lingen,"Psychologe (w/m/d; 19,5 WoStd.)",2024-11-14,https://leibniz-psychology.org/produkte/jobs/detail/lingen-psychologe-w-m-d-195-wostd,52.51666133293367,7.326146932310255
Kaiserslautern / Kusel,Dipl.-Psychologe (w/m/d),2024-11-14,https://leibniz-psychology.org/produkte/jobs/detail/kaiserslautern-kusel-dipl-psychologe-w-m-d,,
Erlangen,Neuropsychologe (m/w/d) (J000000403),2024-11-14,https://leibniz-psychology.org/produkte/jobs/detail/erlangen-neuropsychologe-m-w-d-j000000403,49.58934034298645,10.96654472437454
Bitburg,Psychologe (m/w/d),2024-11-14,https://leibniz-psychology.org/produkte/jobs/detail/bitburg-psychologe-m-w-d,49.97090340683833,6.513934376857547
Bern (CH),Wissenschaftliche/r Mitarbeiter/in (40%) «Design & Survey»,2024-11-14,https://leibniz-psychology.org/produkte/jobs/detail/bern-ch-wissenschaftliche-r-mitarbeiter-in-40-design-survey,46.94755939813283,7.4682278124049395
Berlin Tempelhof-Schöneberg,Psychologin_Psychologe (m/w/d) (297/2024),2024-11-14,https://leibniz-psychology.org/produkte/jobs/detail/berlin-tempelhof-schoeneberg-psychologin-psychologe-m-w-d-297-2024,52.4329314489721,13.38825122469166
Berlin,Referent*in (m/w/d; 50%) (12-106/2024),2024-11-14,https://leibniz-psychology.org/produkte/jobs/detail/berlin-referentin-m-w-d-50-12-106-2024,52.52811728339277,13.384148382992032
Region Bayern,Dipl./M.Sc. Psychologe (m/w/d),2024-11-14,https://leibniz-psychology.org/produkte/jobs/detail/region-bayern-dipl-msc-psychologe-m-w-d,49.89398072214892,10.373472509764808
Bad Steben,Ausbildung Psychotherapeut (m/w/d),2024-11-14,https://leibniz-psychology.org/produkte/jobs/detail/bad-steben-ausbildung-psychotherapeut-m-w-d,50.3767471859503,11.632558884181682
Bad Steben,Psychologischer Psychotherapeut (m/w/d),2024-11-14,https://leibniz-psychology.org/produkte/jobs/detail/bad-steben-psychologischer-psychotherapeut-m-w-d-1,50.372992188106515,11.65567206337651
Bad Kreuznach,Kinder- und Jugendlichenpsychotherapeut*in (m/w/d) (3826),2024-11-14,https://leibniz-psychology.org/produkte/jobs/detail/bad-kreuznach-kinder-und-jugendlichenpsychotherapeutin-m-w-d-3826,49.842871202470555,7.85866242187649
Region Baden-Württemberg,Dipl./M.Sc. Psychologe (m/w/d),2024-11-14,https://leibniz-psychology.org/produkte/jobs/detail/region-baden-wuerttemberg-dipl-msc-psychologe-m-w-d,48.09474779024215,8.218604981454607
Würzburg,Psychologin / Psychologe (m/w/d; 75%),2024-11-13,https://leibniz-psychology.org/produkte/jobs/detail/wuerzburg-psychologin-psychologe-m-w-d-75,49.774625329100225,9.933740196914341
Worms,Kinder- und Jugendlichenpsychotherapeut*in (m/w/d) (3910),2024-11-13,https://leibniz-psychology.org/produkte/jobs/detail/worms-kinder-und-jugendlichenpsychotherapeutin-m-w-d-3910,49.62712074867624,8.374081799500662
Wiesloch,Psychologe mit Zusatzvertrag (m/w/d),2024-11-13,https://leibniz-psychology.org/produkte/jobs/detail/wiesloch-psychologe-mit-zusatzvertrag-m-w-d,49.274480630260314,8.704450161109298
Wartenberg,Psychologe (m/w/d; 10 WoStd.) (24.036),2024-11-13,https://leibniz-psychology.org/produkte/jobs/detail/wartenberg-psychologe-m-w-d-10-wostd-24036,48.421006983786626,11.980142276496055
Vallendar,Psychologe (m/w/d),2024-11-13,https://leibniz-psychology.org/produkte/jobs/detail/vallendar-psychologe-m-w-d,50.396400258652704,7.621102304419282
Rostock,Wissenschaftliche/r Mitarbeiter/in (m/w/d; 20 WoStd.) (P 108/2024),2024-11-13,https://leibniz-psychology.org/produkte/jobs/detail/rostock-wissenschaftliche-r-mitarbeiter-in-m-w-d-20-wostd-p-108-2024,54.10351013354917,12.13952565413459
Marburg,Wissenschaftliche*r Mitarbeiter*in (50%) (fb20-0240-wmz-2024),2024-11-13,https://leibniz-psychology.org/produkte/jobs/detail/marburg-wissenschaftlicher-mitarbeiterin-50-fb20-0240-wmz-2024,50.79907905557592,8.755114988420678
Mainz,"Wissenschaftliche*r Mitarbeiter*in (m/w/d; 19,25 WoStd.) (50240136)",2024-11-13,https://leibniz-psychology.org/produkte/jobs/detail/mainz-wissenschaftlicher-mitarbeiterin-m-w-d-1925-wostd-50240136-1,49.99144838766252,8.273630540714816
Kassel,Wissenschaftliche:r Mitarbeiter:in (m/w/d; 20 WoStd.) (37885),2024-11-13,https://leibniz-psychology.org/produkte/jobs/detail/kassel-wissenschaftlicher-mitarbeiterin-m-w-d-20-wostd-37885,51.31336411493295,9.49520805473772
"Hannover, Sehnde",Psychologische/r Psychotherapeutin / Psychotherapeut (m/w/d) (24KWP),2024-11-13,https://leibniz-psychology.org/produkte/jobs/detail/hannover-sehnde-psychologische-r-psychotherapeutin-psychotherapeut-m-w-d-24kwp,52.327955263209205,9.965453054567728
Hannover,Psychologe/in oder Psychologische/r Psychotherapeutin Psychotherapeut (m/w/d) (24PTKB),2024-11-13,https://leibniz-psychology.org/produkte/jobs/detail/hannover-psychologe-in-oder-psychologische-r-psychotherapeutin-psychotherapeut-m-w-d-24ptkb-1,52.390546096182995,9.757540138551255
Günzburg,Praktische Tätigkeit (m/w/d),2024-11-13,https://leibniz-psychology.org/produkte/jobs/detail/guenzburg-praktische-taetigkeit-m-w-d,48.43617637744255,10.270398613412825
Gransee,Sozialarbeiter / Erziehungswissenschaftler / Psychologe (m/w/d),2024-11-13,https://leibniz-psychology.org/produkte/jobs/detail/gransee-sozialarbeiter-erziehungswissenschaftler-psychologe-m-w-d,53.02336540440093,13.151577825307239
Friedrichshafen,Kinder- und Jugendlichen-Psychotherapeut (w/m/d; 80%) / Psychologischer Psychotherapeut (w/m/d; 80%),2024-11-13,https://leibniz-psychology.org/produkte/jobs/detail/friedrichshafen-kinder-und-jugendlichen-psychotherapeut-w-m-d-80-psychologischer-psychotherapeut-w-m-d-80,47.639261891951975,9.492437975547034
Freiburg,Psychologe/Sozialpädagoge/-arbeiter (w/m/d) (13430),2024-11-13,https://leibniz-psychology.org/produkte/jobs/detail/freiburg-psychologe-sozialpaedagoge-arbeiter-w-m-d-13430,48.00715857919983,7.8676082150483655
Darmstadt,Diplom-Psychologe (w/m/d) oder Psychologen M. Sc. (w/m/d) in Teilzeit,2024-11-13,https://leibniz-psychology.org/produkte/jobs/detail/darmstadt-diplom-psychologe-w-m-d-oder-psychologen-m-sc-w-m-d-in-teilzeit,49.88314290507652,8.659458693241925
Cochem,Psychologischer Psychotherapeut (m/w/d; Teilzeit) oder in fortgeschrittener Ausbildung (3918),2024-11-13,https://leibniz-psychology.org/produkte/jobs/detail/cochem-psychologischer-psychotherapeut-m-w-d-teilzeit-oder-in-fortgeschrittener-ausbildung-3918,50.139316701858874,7.180685390365333
Berlin,Psychologe / Psychologin (m/w/d; 20 WoStd.),2024-11-13,https://leibniz-psychology.org/produkte/jobs/detail/berlin-psychologe-psychologin-m-w-d-20-wostd,52.51170012627695,13.386230742176062
Basel (CH),Doktorat / Forschungsassistenz (80-100%),2024-11-13,https://leibniz-psychology.org/produkte/jobs/detail/basel-ch-doktorat-forschungsassistenz-80-100,47.54028229577153,7.573606953446466
Bad Vilbel,Psychologe / Psychologin,2024-11-13,https://leibniz-psychology.org/produkte/jobs/detail/bad-vilbel-psychologe-psychologin,50.21333851163703,8.738546383923946
Augsburg,Wissenschaftlicher Mitarbeiter (m/w/d) Palliativmedizin,2024-11-13,https://leibniz-psychology.org/produkte/jobs/detail/augsburg-wissenschaftlicher-mitarbeiter-m-w-d-palliativmedizin,48.351970777042446,10.898175685592545
Genève (CH),Assistant-e doctorant-e à 100% (6037),2024-11-12,https://leibniz-psychology.org/produkte/jobs/detail/geneve-ch-assistant-e-doctorant-e-a-100-6037,46.21941701521035,6.130871346103226
Oldenburg,PhD position (75%) DFG-funded Research Training Group,2024-11-12,https://leibniz-psychology.org/produkte/jobs/detail/oldenburg-phd-position-75-dfg-funded-research-training-group,53.12101746561475,8.218306648620839
Greifswald,Wissenschaftliche*r Mitarbeiter*in (26 WoStd.),2024-11-12,https://leibniz-psychology.org/produkte/jobs/detail/greifswald-wissenschaftlicher-mitarbeiterin-26-wostd,54.07659066085598,13.397872331439283
Kassel,Wissenschaftliche:r Mitarbeiter:in (m/w/d) (37876),2024-11-12,https://leibniz-psychology.org/produkte/jobs/detail/kassel-wissenschaftlicher-mitarbeiterin-m-w-d-37876,51.33198967919582,9.494140496465445
Trier,Psychologe (m/w/d; Teilzeit) (G024/ORS/10223),2024-11-12,https://leibniz-psychology.org/produkte/jobs/detail/trier-psychologe-m-w-d-teilzeit-g024-ors-10223,49.76474943020959,6.654113636772612
Halle,Wissenschaftliche*r Mitarbeiter*in (m/w/d; 65%) (7-213/24-D),2024-11-12,https://leibniz-psychology.org/produkte/jobs/detail/halle-wissenschaftlicher-mitarbeiterin-m-w-d-65-7-213-24-d,51.48650884533334,11.989900890068485
Bielefeld,Wissenschaftliche*r Koordinator*in (m/w/d) (Wiss24581),2024-11-12,https://leibniz-psychology.org/produkte/jobs/detail/bielefeld-wissenschaftlicher-koordinatorin-m-w-d-wiss24581,52.02989090197772,8.539165393999
Bielefeld,Wissenschaftliche*r Mitarbeiter*in (m/w/d; 65%) (Wiss24613),2024-11-12,https://leibniz-psychology.org/produkte/jobs/detail/bielefeld-wissenschaftlicher-mitarbeiterin-m-w-d-65-wiss24613,51.999678403219576,8.520568860944005
Hamburg,Wissenschaftliche/r Mitarbeiter/in (m/w/d) (ZtB-0824),2024-11-12,https://leibniz-psychology.org/produkte/jobs/detail/hamburg-wissenschaftliche-r-mitarbeiter-in-m-w-d-ztb-0824,53.56109742418284,10.001272414309687
Wuppertal-Ronsdorf,Psychologin / Psychologe im Justizvollzug (m/w/d) (4403 E - 567),2024-11-12,https://leibniz-psychology.org/produkte/jobs/detail/wuppertal-ronsdorf-psychologin-psychologe-im-justizvollzug-m-w-d-4403-e-567,51.237977708607964,7.23251679754189
Würzburg,Wissenschaftlicher Mitarbeiter (m/w/d; 75%),2024-11-12,https://leibniz-psychology.org/produkte/jobs/detail/wuerzburg-wissenschaftlicher-mitarbeiter-m-w-d-75,49.78680181622894,9.936777308651935
Oberammergau,Psychologischer Psychotherapeut (m/w/d),2024-11-12,https://leibniz-psychology.org/produkte/jobs/detail/oberammergau-psychologischer-psychotherapeut-m-w-d,47.57780050089004,11.047366211688365
München,Wissenschaftliche/r Mitarbeiter/in (Doktorand/in),2024-11-12,https://leibniz-psychology.org/produkte/jobs/detail/muenchen-wissenschaftliche-r-mitarbeiter-in-doktorand-in,48.13967365230768,11.55552212460169
Mainz,"Wissenschaftliche*r Mitarbeiter*in (m/w/d; 19,25 WoStd.) (50246722)",2024-11-12,https://leibniz-psychology.org/produkte/jobs/detail/mainz-wissenschaftlicher-mitarbeiterin-m-w-d-1925-wostd-50246722,49.98100544242776,8.255284649165581
Lauterhofen,Psychologe / Psychologin (m/w/d; 20 WoStd.) (LO-2024-014),2024-11-12,https://leibniz-psychology.org/produkte/jobs/detail/lauterhofen-psychologe-psychologin-m-w-d-20-wostd-lo-2024-014,49.36489214019052,11.596981879345039
Immenreuth,Sozialpädagogin mit Zusatzqualifikation / Heilpädagogin / Psychologin (m/w/d),2024-11-12,https://leibniz-psychology.org/produkte/jobs/detail/immenreuth-sozialpaedagogin-mit-zusatzqualifikation-heilpaedagogin-psychologin-m-w-d,49.917445978137934,11.87151408724645
Hamburg,Wissenschaftliche*r Mitarbeiter*in (m/w/d; 50%) (34324WW13),2024-11-12,https://leibniz-psychology.org/produkte/jobs/detail/hamburg-wissenschaftlicher-mitarbeiterin-m-w-d-50-34324ww13,53.5403924205141,10.005466304434124
Hausham,Psychologe oder Psychologischer Psychotherapeut (m/w/d) (24/11 Psych_StäB_AGA_BTÖL),2024-11-12,https://leibniz-psychology.org/produkte/jobs/detail/hausham-psychologe-oder-psychologischer-psychotherapeut-m-w-d-24-11-psych-staeb-aga-btoel,47.767172044789056,11.845605235990188
Haar,Psychologe (m/w/d; mind. 80%) (1713),2024-11-12,https://leibniz-psychology.org/produkte/jobs/detail/haar-psychologe-m-w-d-mind-80-1713,48.10587292438656,11.715791600758807
Freiburg,Gruppenleiter*in Gesundheitsversorgungsforschung (m/w/d),2024-11-12,https://leibniz-psychology.org/produkte/jobs/detail/freiburg-gruppenleiterin-gesundheitsversorgungsforschung-m-w-d,47.98371865352813,7.852722968589195
Frankfurt M.,Fachleitung Psychosozialer Dienst (w/m/d) (13451),2024-11-12,https://leibniz-psychology.org/produkte/jobs/detail/frankfurt-m-fachleitung-psychosozialer-dienst-w-m-d-13451,50.11794014584864,8.645302944944675
Düsseldorf,Psychologische/r Psychotherapeut/in oder Psycholog/in (m/w/d),2024-11-12,https://leibniz-psychology.org/produkte/jobs/detail/duesseldorf-psychologische-r-psychotherapeut-in-oder-psycholog-in-m-w-d,51.208706589197966,6.764212656817664
Dachau,Psychologe (m/w/d; 50-60%) (1694),2024-11-12,https://leibniz-psychology.org/produkte/jobs/detail/dachau-psychologe-m-w-d-50-60-1694,48.246823825709285,11.426814399487425
Breuberg,"Psychologischer Psychotherapeut (m/w/d), Fachpsychotherapeut (m/w/d)",2024-11-12,https://leibniz-psychology.org/produkte/jobs/detail/breuberg-psychologischer-psychotherapeut-m-w-d-fachpsychotherapeut-m-w-d,49.81742613639687,9.047566480005182
Bielefeld,Wissenschaftliche*r Mitarbeiter*in (m/w/d; 65%) (Wiss24585),2024-11-12,https://leibniz-psychology.org/produkte/jobs/detail/bielefeld-wissenschaftlicher-mitarbeiterin-m-w-d-65-wiss24585,52.03072893786298,8.519957023182412
Berlin-Lichtenberg,"Staatlich anerkannte Sozialpädagogin/-arbeiterin; Pädagogin, Psychologin; Heilpädagogin; Erziehungswissenschaftlerin (als einziges Studienfach) (m/w/d)",2024-11-12,https://leibniz-psychology.org/produkte/jobs/detail/berlin-lichtenberg-staatlich-anerkannte-sozialpaedagogin-arbeiterin-paedagogin-psychologin-heilpaedagogin-erziehungswissenschaftlerin-als-einziges-studienfach-m-w-d,52.49209404830636,13.48760602380647
Berlin,Wissenschaftliche*r Mitarbeiter*in (m/w/d; 75%) (12-103/2024),2024-11-12,https://leibniz-psychology.org/produkte/jobs/detail/berlin-wissenschaftlicher-mitarbeiterin-m-w-d-75-12-103-2024,52.513990496482634,13.39387052774067
Augsburg,Sozialpädagoge als Fachkoordinator (m/w/d),2024-11-12,https://leibniz-psychology.org/produkte/jobs/detail/augsburg-sozialpaedagoge-als-fachkoordinator-m-w-d,48.37473803755138,10.88551104927645
Würzburg,Psychologe/in (m/w/d; Teilzeit) Palliativdienst,2024-11-11,https://leibniz-psychology.org/produkte/jobs/detail/wuerzburg-psychologe-in-m-w-d-teilzeit-palliativdienst,49.76622540801404,9.956857108318907
Wiek,"Dipl.-Psychologe/Master, Bachelor, PPT (m/w/d; 32 WoStd.)",2024-11-11,https://leibniz-psychology.org/produkte/jobs/detail/wiek-dipl-psychologe-master-bachelor-ppt-m-w-d-32-wostd,54.60329165850099,13.286442698725232
Suhl,Psychologe (w/m/d) (13444),2024-11-11,https://leibniz-psychology.org/produkte/jobs/detail/suhl-psychologe-w-m-d-13444,50.62722967584184,10.681378261262486
Pirna,Psychologe (m/w/d; Teilzeit),2024-11-11,https://leibniz-psychology.org/produkte/jobs/detail/pirna-psychologe-m-w-d-teilzeit,50.96539075281063,13.932037297243538
Offenburg,Schulpsychologin / Schulpsychologe (w/m/d) (OG 3/2024),2024-11-11,https://leibniz-psychology.org/produkte/jobs/detail/offenburg-schulpsychologin-schulpsychologe-w-m-d-og-3-2024,48.472780179616514,7.943466797699341
Nürnberg,Psychologin / Psychologe (m/w/d),2024-11-11,https://leibniz-psychology.org/produkte/jobs/detail/nuernberg-psychologin-psychologe-m-w-d-1,49.46282987762998,11.083811512922459
Neuburg an der Donau,Fallführer (m/w/d) im psychologischen Fachdienst,2024-11-11,https://leibniz-psychology.org/produkte/jobs/detail/neuburg-an-der-donau-fallfuehrer-m-w-d-im-psychologischen-fachdienst,48.75103483503792,11.188459271074832
Miltenberg,Psychologe (m/w/d; 25 WoStd.) (MIL-P),2024-11-11,https://leibniz-psychology.org/produkte/jobs/detail/miltenberg-psychologe-m-w-d-25-wostd-mil-p,49.68477868544332,9.248512024603354
Lübeck,Approbierter Psychologischer Psychotherapeut (m/w/d) / Suchttherapeut (m/w/d),2024-11-11,https://leibniz-psychology.org/produkte/jobs/detail/luebeck-approbierter-psychologischer-psychotherapeut-m-w-d-suchttherapeut-m-w-d-1,53.84927706446389,10.693997542157218
Kleve,Psychologe (m/w/d; 20 WoStd.),2024-11-11,https://leibniz-psychology.org/produkte/jobs/detail/kleve-psychologe-m-w-d-20-wostd,51.769233311587364,6.141224056970865
Karlsruhe,Psychologe (m/w/d; ca. 3 WoStd.) mit Approbation,2024-11-11,https://leibniz-psychology.org/produkte/jobs/detail/karlsruhe-psychologe-m-w-d-ca-3-wostd-mit-approbation,48.99180129697422,8.418515202964706
Kalkar,Psychologische Psychotherapeutin (m/w/d),2024-11-11,https://leibniz-psychology.org/produkte/jobs/detail/kalkar-psychologische-psychotherapeutin-m-w-d,51.72405243885098,6.292581684350659
Hannover,"Sozialarbeiter*in, Sozialpädagog*in oder Psycholog*in (B.A.)",2024-11-11,https://leibniz-psychology.org/produkte/jobs/detail/hannover-sozialarbeiterin-sozialpaedagogin-oder-psychologin-ba-5,52.371370660263175,9.72964818468622
Hamburg,Sozialpädagoge / Psychologe (m/w/d; 20-40 WoStd.),2024-11-11,https://leibniz-psychology.org/produkte/jobs/detail/hamburg-sozialpaedagoge-psychologe-m-w-d-20-40-wostd,53.54404392716888,10.011343934568929
Bremen,Wissenschaftliche:r Mitarbeiter:in (Doktorand:in; w/m/d; 75%) (A318-24),2024-11-11,https://leibniz-psychology.org/produkte/jobs/detail/bremen-wissenschaftlicher-mitarbeiterin-doktorandin-w-m-d-75-a318-24,53.062213981188265,8.79565669919659
Bremen,Wissenschaftliche:r Mitarbeiter:in (Doktorand:in; w/m/d; 75%) (A317-24),2024-11-11,https://leibniz-psychology.org/produkte/jobs/detail/bremen-wissenschaftlicher-mitarbeiterin-doktorandin-w-m-d-75-a317-24,53.067630096481174,8.821562348345692
Bad Salzdetfurth,Approbierte/r Psychologe/in (m/w/d),2024-11-11,https://leibniz-psychology.org/produkte/jobs/detail/bad-salzdetfurth-approbierte-r-psychologe-in-m-w-d,52.05997148504248,9.996639688038984
Tübingen,Psychologische Psychotherapeutin / Psychologischer Psychotherapeut in Ausbildung (PPiA) (w/m/d; 26 WoStd.) (4450),2024-11-10,https://leibniz-psychology.org/produkte/jobs/detail/tuebingen-psychologische-psychotherapeutin-psychologischer-psychotherapeut-in-ausbildung-ppia-w-m-d-26-wostd-4450,48.516450161484,9.05537318739534
Trier,Lehrkraft für besondere Aufgaben (m/w/d; 50%) in der Abteilung Wirtschaftspsychologie,2024-11-10,https://leibniz-psychology.org/produkte/jobs/detail/trier-lehrkraft-fuer-besondere-aufgaben-m-w-d-50-in-der-abteilung-wirtschaftspsychologie,49.777007336914544,6.649497254175334
Solingen,Pädagogische Fachkraft für die Kinderwohngruppe Leuchtturm,2024-11-10,https://leibniz-psychology.org/produkte/jobs/detail/solingen-paedagogische-fachkraft-fuer-die-kinderwohngruppe-leuchtturm,51.17555333597156,7.07083510867348
Solingen,Pädagogische Fachkräfte (m/w/d) für die Kindergruppe lila (Kindergruppe lila),2024-11-10,https://leibniz-psychology.org/produkte/jobs/detail/solingen-paedagogische-fachkraefte-m-w-d-fuer-die-kindergruppe-lila-kindergruppe-lila,51.160637924086686,7.096685721771276
Köln,Wissenschaftliche*r Mitarbeiter*in (WIss2410-19),2024-11-10,https://leibniz-psychology.org/produkte/jobs/detail/koeln-wissenschaftlicher-mitarbeiterin-wiss2410-19,50.94747732920484,6.944108326374233
Hamburg,Wissenschaftliche/r Mitarbeiter/in (m/w/d) (GeiSo-0924),2024-11-10,https://leibniz-psychology.org/produkte/jobs/detail/hamburg-wissenschaftliche-r-mitarbeiter-in-m-w-d-geiso-0924,53.566175838455905,10.018283365757371
Freiburg,Akademische/r Mitarbeiter/in (m/w/d; 75%) am Institut für Mathematische Bildung (944),2024-11-10,https://leibniz-psychology.org/produkte/jobs/detail/freiburg-akademische-r-mitarbeiter-in-m-w-d-75-am-institut-fuer-mathematische-bildung-944,48.0023493940268,7.8586334933959225
Dresden,Psychologe*in/ Wissenschaftliche*r Mitarbeiter*in (65%) (839),2024-11-10,https://leibniz-psychology.org/produkte/jobs/detail/dresden-psychologein-wissenschaftlicher-mitarbeiterin-65-839,51.06423884420735,13.746942231309408
Chemnitz,Wissenschaftliche/r Mitarbeiter/in (PostDoc; m/w/d; 75%) (MeTech | PREDIR),2024-11-10,https://leibniz-psychology.org/produkte/jobs/detail/chemnitz-wissenschaftliche-r-mitarbeiter-in-postdoc-m-w-d-75-metech-predir,50.81285862394047,12.901501682975605
Bielefeld,Wissenschaftliche*r Mitarbeiter*in (m/w/d; 65%) (Wiss24584),2024-11-10,https://leibniz-psychology.org/produkte/jobs/detail/bielefeld-wissenschaftlicher-mitarbeiterin-m-w-d-65-wiss24584,52.038236877900964,8.538413040295735
Bern (CH),Doktorand:in in der Abteilung Entwicklungspsychologie,2024-11-10,https://leibniz-psychology.org/produkte/jobs/detail/bern-ch-doktorandin-in-der-abteilung-entwicklungspsychologie,46.944334094118396,7.466331787114068
Bern (CH),PostDoc (80-100%) in der Abteilung Schul- und Unterrichtsforschung,2024-11-10,https://leibniz-psychology.org/produkte/jobs/detail/bern-ch-postdoc-80-100-in-der-abteilung-schul-und-unterrichtsforschung,46.96665376823094,7.444270985819488
Berlin,Wissenschaftliche/r Mitarbeiter/in (d/w/m) (3931),2024-11-10,https://leibniz-psychology.org/produkte/jobs/detail/berlin-wissenschaftliche-r-mitarbeiter-in-d-w-m-3931,52.5006389392782,13.40402501543996
Berlin,Wissenschaftliche*r Mitarbeiter*in (m/w/d; 75%) (DR/139/24),2024-11-10,https://leibniz-psychology.org/produkte/jobs/detail/berlin-wissenschaftlicher-mitarbeiterin-m-w-d-75-dr-139-24,52.515651242050744,13.401499790563987
Würzburg,Wissenschaftliche/r Mitarbeiter/in Digitale Intervention (m/w/d),2024-11-07,https://leibniz-psychology.org/produkte/jobs/detail/wuerzburg-wissenschaftliche-r-mitarbeiter-in-digitale-intervention-m-w-d,49.76495985427024,9.95656116836891
Tübingen,Wissenschaftliche/r Mitarbeiter/in (w/m/d; 75%) (5327),2024-11-07,https://leibniz-psychology.org/produkte/jobs/detail/tuebingen-wissenschaftliche-r-mitarbeiter-in-w-m-d-75-5327,48.519176419913954,9.06983072531877
Speyer,Psychologischer Psychotherapeut (m/w/d; 50%) in Ausbildung (Phase II),2024-11-07,https://leibniz-psychology.org/produkte/jobs/detail/speyer-psychologischer-psychotherapeut-m-w-d-50-in-ausbildung-phase-ii,49.3182692067089,8.42841193049416
Nürnberg,Psychologe (m/w/d; 35 WoStd.) (RZ-1042),2024-11-07,https://leibniz-psychology.org/produkte/jobs/detail/nuernberg-psychologe-m-w-d-35-wostd-rz-1042,49.471086580839376,11.064547733468101
Lörrach,Schulpsychologin / Schulpsychologe (w/m/d; 70%) (LÖ 1/2024),2024-11-07,https://leibniz-psychology.org/produkte/jobs/detail/loerrach-schulpsychologin-schulpsychologe-w-m-d-70-loe-1-2024,47.615168830300185,7.669765811362074
Kirchseeon,Psychologe (w/m/d; Teilzeit),2024-11-07,https://leibniz-psychology.org/produkte/jobs/detail/kirchseeon-psychologe-w-m-d-teilzeit,48.08412324651423,11.88067190246432
Hennigsdorf,Psychologe (m/w/d; 30 WoStd.),2024-11-07,https://leibniz-psychology.org/produkte/jobs/detail/hennigsdorf-psychologe-m-w-d-30-wostd,52.627552669384066,13.190955317230015
Freiburg,Schulpsychologin / Schulpsychologe (w/m/d) (FR 1/2024),2024-11-07,https://leibniz-psychology.org/produkte/jobs/detail/freiburg-schulpsychologin-schulpsychologe-w-m-d-fr-1-2024,47.98509568761684,7.848311253257088
Calw,Psychologe (w/m/d) für die Klinik Forensische Psychiatrie und Psychotherapie,2024-11-07,https://leibniz-psychology.org/produkte/jobs/detail/calw-psychologe-w-m-d-fuer-die-klinik-forensische-psychiatrie-und-psychotherapie,48.701341493561806,8.723058780028241
Brunnen (CH),Fallführende Psychotherapeutin (m/w/d; 60-80%),2024-11-07,https://leibniz-psychology.org/produkte/jobs/detail/brunnen-ch-fallfuehrende-psychotherapeutin-m-w-d-60-80,47.006322362203235,8.600991098702632
Braunschweig,Psychologischer Psychotherapeut (m/w/d) in Ausbildung (JR101122),2024-11-07,https://leibniz-psychology.org/produkte/jobs/detail/braunschweig-psychologischer-psychotherapeut-m-w-d-in-ausbildung-jr101122,52.25265884718207,10.541618791325751
Braunschweig,Zwei Wissenschaftliche Mitarbeiter*innen (Doktorand*innen; m/w/d),2024-11-07,https://leibniz-psychology.org/produkte/jobs/detail/braunschweig-zwei-wissenschaftliche-mitarbeiterinnen-doktorandinnen-m-w-d,52.268675683872004,10.540247795120298
Braunschweig,Wissenschaftliche*r Mitarbeiter*in (Doktorand*in; Post-Doktorand*in; m/w/d; 75-100%),2024-11-07,https://leibniz-psychology.org/produkte/jobs/detail/braunschweig-wissenschaftlicher-mitarbeiterin-doktorandin-post-doktorandin-m-w-d-75-100,52.262073968517925,10.535627393598805
Bonn,W 2-Professur für Klinische Psychologie und Psychotherapie (mit Tenure-Track auf W3),2024-11-07,https://leibniz-psychology.org/produkte/jobs/detail/bonn-w-2-professur-fuer-klinische-psychologie-und-psychotherapie-mit-tenure-track-auf-w3,50.74593162947435,7.083636795958634
Böblingen,Psychologe (w/m/d; 70%),2024-11-07,https://leibniz-psychology.org/produkte/jobs/detail/boeblingen-psychologe-w-m-d-70,48.69689694619486,9.014818242300752
Berlin-Hellersdorf,"Therapeutische Fachkraft (m/w/d; 14,2 WoStd.) für Tagesgruppe (Abwesenheitsvertretung)",2024-11-07,https://leibniz-psychology.org/produkte/jobs/detail/berlin-hellersdorf-therapeutische-fachkraft-m-w-d-142-wostd-fuer-tagesgruppe-abwesenheitsvertretung,52.50217188246328,13.767043232798164
Bergisch Gladbach,Pädagoge / Psychologe (50-80%),2024-11-07,https://leibniz-psychology.org/produkte/jobs/detail/bergisch-gladbach-paedagoge-psychologe-50-80,50.98431159685649,7.137552326860591
Bad Driburg,Psychologe / Psychologin (m/w/d),2024-11-07,https://leibniz-psychology.org/produkte/jobs/detail/bad-driburg-psychologe-psychologin-m-w-d,51.71890448560422,9.020610788956388
Schömberg,Psychologischer Psychotherapeut (m/w/d) als Teamleiter (m/w/d),2024-11-06,https://leibniz-psychology.org/produkte/jobs/detail/schoemberg-psychologischer-psychotherapeut-m-w-d-als-teamleiter-m-w-d,48.230294099865596,8.76129555057548
"Sande, Varel, Landkreis Friesland",Härtefallberatung oder Migrationsberatung (30-40 WoStd.),2024-11-06,https://leibniz-psychology.org/produkte/jobs/detail/sande-varel-landkreis-friesland-haertefallberatung-oder-migrationsberatung-30-40-wostd,53.41604301721387,8.113395095086997
Meiningen,Psychologe (m/w/d),2024-11-06,https://leibniz-psychology.org/produkte/jobs/detail/meiningen-psychologe-m-w-d-1,50.56560644786202,10.39579611873569
Marburg,Wissenschaftliche*r Mitarbeiter*in (Postdoktorand*in) (fb20-0235-wmz-2024),2024-11-06,https://leibniz-psychology.org/produkte/jobs/detail/marburg-wissenschaftlicher-mitarbeiterin-postdoktorandin-fb20-0235-wmz-2024,50.8253042014925,8.788062088102311
Greifswald,Wissenschaftliche*r Mitarbeiter*in,2024-11-06,https://leibniz-psychology.org/produkte/jobs/detail/greifswald-wissenschaftlicher-mitarbeiterin,54.09907831510639,13.399196253847522
Dortmund,Wissenschaftlich Beschäftigte*r (w51-24),2024-11-06,https://leibniz-psychology.org/produkte/jobs/detail/dortmund-wissenschaftlich-beschaeftigter-w51-24-1,51.52335472439952,7.45100925217343
Chemnitz,Psychologe (m/w/d; Teilzeit),2024-11-06,https://leibniz-psychology.org/produkte/jobs/detail/chemnitz-psychologe-m-w-d-teilzeit,50.84522597748685,12.919351043428897
Calw,Psychologische/n Psychotherapeuten (w/m/d),2024-11-06,https://leibniz-psychology.org/produkte/jobs/detail/calw-psychologische-n-psychotherapeuten-w-m-d,48.71278415462221,8.743896538946831
Bad Langensalza,Psychologischenr Psychotherapeut (m/w/d),2024-11-06,https://leibniz-psychology.org/produkte/jobs/detail/bad-langensalza-psychologischenr-psychotherapeut-m-w-d,51.12693889528088,10.640893369878567
Bad Herrenalb,Psychologischer Psychotherapeut (m/w/d; 20 WoStd.),2024-11-06,https://leibniz-psychology.org/produkte/jobs/detail/bad-herrenalb-psychologischer-psychotherapeut-m-w-d-20-wostd,48.79954811961966,8.437530486198279
Bad Freienwalde / Bernau,Psychologe / Psychologin (m/w/d),2024-11-06,https://leibniz-psychology.org/produkte/jobs/detail/bad-freienwalde-bernau-psychologe-psychologin-m-w-d,,
Bad Bergzabern,Psychologischer Psychotherapeut (m/w/d),2024-11-06,https://leibniz-psychology.org/produkte/jobs/detail/bad-bergzabern-psychologischer-psychotherapeut-m-w-d-3,49.10307300306507,8.005743212275021
Genève (CH),Post-doctorant-e - Fonds National Centre interfacultaire en sciences affectives (6007),2024-11-05,https://leibniz-psychology.org/produkte/jobs/detail/geneve-ch-post-doctorant-e-fonds-national-centre-interfacultaire-en-sciences-affectives-6007,46.2090847180371,6.129698258304865
Tübingen,Lab Mechatronics / Programmer/ Research and Admin Assistant (m/f/d),2024-11-05,https://leibniz-psychology.org/produkte/jobs/detail/tuebingen-lab-mechatronics-programmer-research-and-admin-assistant-m-f-d,48.52192139371022,9.047625889334093
Tübingen,"PhD position (m/f/d) in Human Psychophysics with fMRI/MRI, TMS and/or EEG",2024-11-05,https://leibniz-psychology.org/produkte/jobs/detail/tuebingen-phd-position-m-f-d-in-human-psychophysics-with-fmri-mri-tms-and-or-eeg,48.50602029655587,9.039421292514493
Tübingen,Postdoctoral position (m/f/d) in Human Psychophysics,2024-11-05,https://leibniz-psychology.org/produkte/jobs/detail/tuebingen-postdoctoral-position-m-f-d-in-human-psychophysics,48.52744098910693,9.040176142619101
Potsdam,Akademische/-r Mitarbeiter/-in (w/m/d) (372/2024),2024-11-05,https://leibniz-psychology.org/produkte/jobs/detail/potsdam-akademische-r-mitarbeiter-in-w-m-d-372-2024,52.41699844820326,13.077158529063395
Bedburg-Hau,"Neuropsychologin / Neuropsychologe (m/w/d; 19,25 WoStd.)",2024-11-05,https://leibniz-psychology.org/produkte/jobs/detail/bedburg-hau-neuropsychologin-neuropsychologe-m-w-d-1925-wostd,51.747300518119275,6.178361033851559
Cottbus,Leiter*in (m/w/d) Zentrale Studienberatung (230/24),2024-11-05,https://leibniz-psychology.org/produkte/jobs/detail/cottbus-leiterin-m-w-d-zentrale-studienberatung-230-24,51.77600519316229,14.322005202575689
Aachen,Sozialpsychologische Mitarbeitendenberatung (m/w/d) (17-2024-002749),2024-11-05,https://leibniz-psychology.org/produkte/jobs/detail/aachen-sozialpsychologische-mitarbeitendenberatung-m-w-d-17-2024-002749,50.7619205749799,6.089949092803027
Innsbruck (A),Universitätsassistent:in – Dissertationsstelle (20 WoStd.) (PSY-SPORT-14643),2024-11-05,https://leibniz-psychology.org/produkte/jobs/detail/innsbruck-a-universitaetsassistentin-dissertationsstelle-20-wostd-psy-sport-14643,47.25459845450173,11.405104337045952
Erfurt,W 2- Professur für Arbeits- und Organisationspsychologie,2024-11-05,https://leibniz-psychology.org/produkte/jobs/detail/erfurt-w-2-professur-fuer-arbeits-und-organisationspsychologie,50.96441315887074,11.012120052670697
Wiesloch,Psychologe / Sozialpädagoge/-arbeiter (w/m/d; 20 WoStd.) (13074),2024-11-05,https://leibniz-psychology.org/produkte/jobs/detail/wiesloch-psychologe-sozialpaedagoge-arbeiter-w-m-d-20-wostd-13074,49.284356477945536,8.689471760329981
Schönau am Königssee,Psychologe (m/w/d),2024-11-05,https://leibniz-psychology.org/produkte/jobs/detail/schoenau-am-koenigssee-psychologe-m-w-d-1,47.60885311094006,12.986029177173904
Marburg,Psychologe (m/w/d) in der Klinik für Neurologie,2024-11-05,https://leibniz-psychology.org/produkte/jobs/detail/marburg-psychologe-m-w-d-in-der-klinik-fuer-neurologie,50.799882767203016,8.75694695015866
Mannheim,Psychologe/Sozialpädagoge/-arbeiter (w/m/d; 30 WoStd.) (13225),2024-11-05,https://leibniz-psychology.org/produkte/jobs/detail/mannheim-psychologe-sozialpaedagoge-arbeiter-w-m-d-30-wostd-13225,49.507959420023255,8.479343141245375
Korbach,Psychologe (m/w/d) für StäB (1300_000594),2024-11-05,https://leibniz-psychology.org/produkte/jobs/detail/korbach-psychologe-m-w-d-fuer-staeb-1300-000594,51.24858369723283,8.862251675447773
Korbach,Psychologe / Kinder- und Jugendlichenpsychotherapeut (m/w/d) (1700_000148),2024-11-05,https://leibniz-psychology.org/produkte/jobs/detail/korbach-psychologe-kinder-und-jugendlichenpsychotherapeut-m-w-d-1700-000148-2,51.25963457712389,8.854284041429342
Hannover,Psychologe (w/m/d; 30 WoStd.) Beruflichen Rehabilitation,2024-11-05,https://leibniz-psychology.org/produkte/jobs/detail/hannover-psychologe-w-m-d-30-wostd-beruflichen-rehabilitation,52.36673582375962,9.721750052974771
Halle,Wissenschaftliche*r Mitarbeiter*in (m/w/d; 50%) (7-198/24-D),2024-11-05,https://leibniz-psychology.org/produkte/jobs/detail/halle-wissenschaftlicher-mitarbeiterin-m-w-d-50-7-198-24-d,51.495477529398464,11.958581320964957
Greiz,Psychologe (m/w/d; 20 WoStd.),2024-11-05,https://leibniz-psychology.org/produkte/jobs/detail/greiz-psychologe-m-w-d-20-wostd,50.78535036170501,12.089421402255
Freiburg,Psychologe/Sozialpädagoge/-arbeiter (w/m/d; 24-30 WoStd.) (13216),2024-11-05,https://leibniz-psychology.org/produkte/jobs/detail/freiburg-psychologe-sozialpaedagoge-arbeiter-w-m-d-24-30-wostd-13216,48.015195540784006,7.859046581169958
Frankfurt M.,Fachleitung Psychosozialer Dienst (w/m/d; 20 WoStd.) (12829-0),2024-11-05,https://leibniz-psychology.org/produkte/jobs/detail/frankfurt-m-fachleitung-psychosozialer-dienst-w-m-d-20-wostd-12829-0,50.117137797802684,8.66263396876115
Eisenach,Psychologe (m/w/d),2024-11-05,https://leibniz-psychology.org/produkte/jobs/detail/eisenach-psychologe-m-w-d-2,50.97669797362333,10.317934295760772
Eckernförde,Psychologe (m/w/d),2024-11-05,https://leibniz-psychology.org/produkte/jobs/detail/eckernfoerde-psychologe-m-w-d,54.4731396889963,9.846980485982607
Düsseldorf,Psychologische/r Psychotherapeut/in (m/w/d),2024-11-05,https://leibniz-psychology.org/produkte/jobs/detail/duesseldorf-psychologische-r-psychotherapeut-in-m-w-d-2,51.23688889640463,6.773929879813136
Berlin,Doktrand/in / Wissenschaftliche/r Mitarbeiter/in (d/w/m; 30 WoStd.) (3904),2024-11-05,https://leibniz-psychology.org/produkte/jobs/detail/berlin-doktrand-in-wissenschaftliche-r-mitarbeiter-in-d-w-m-30-wostd-3904,52.517456114905144,13.393729998104535
Berlin,Wissenschaftliche*r Mitarbeiter*in (m/w/d; 75%) AB Allgemeine Erziehungswissenschaft (12-94/2024),2024-11-05,https://leibniz-psychology.org/produkte/jobs/detail/berlin-wissenschaftlicher-mitarbeiterin-m-w-d-75-ab-allgemeine-erziehungswissenschaft-12-94-2024,52.51194311034788,13.415481825451575
Bad Salzungen,Psychologe (m/w/d),2024-11-05,https://leibniz-psychology.org/produkte/jobs/detail/bad-salzungen-psychologe-m-w-d-1,50.795713093484984,10.24530190143528
Bad Arolsen,Psychologe (m/w/d),2024-11-05,https://leibniz-psychology.org/produkte/jobs/detail/bad-arolsen-psychologe-m-w-d,51.34583712010716,9.050629115259405
Vilshofen,Psychologischer Psychotherapeut (m/w/d; 10 WoStd.),2024-11-04,https://leibniz-psychology.org/produkte/jobs/detail/vilshofen-psychologischer-psychotherapeut-m-w-d-10-wostd,49.28890800061785,11.946818131522823
Rosenheim,"Diplom-Psychologe, Psychologe M.Sc., approbierter Kinder- und Jugendpsychotherapeut (m/w/d) (218/2024)",2024-11-04,https://leibniz-psychology.org/produkte/jobs/detail/rosenheim-diplom-psychologe-psychologe-msc-approbierter-kinder-und-jugendpsychotherapeut-m-w-d-218-2024,47.85402630101813,12.136316220277918
"Prien am Chiemsee, Rosenheim",Psychologe / Kinder- und Jugendlichenpsychotherapeut (m/w/d),2024-11-04,https://leibniz-psychology.org/produkte/jobs/detail/prien-am-chiemsee-rosenheim-psychologe-kinder-und-jugendlichenpsychotherapeut-m-w-d,47.848087262369155,12.340787714294336
"Prien am Chiemsee, Rosenheim",Psychologe / Psychologischer Psychotherapeut (m/w/d),2024-11-04,https://leibniz-psychology.org/produkte/jobs/detail/prien-am-chiemsee-rosenheim-psychologe-psychologischer-psychotherapeut-m-w-d,47.84570080886456,12.3464965556285
Olsberg,Psychologe (m/w/d; Teilzeit),2024-11-04,https://leibniz-psychology.org/produkte/jobs/detail/olsberg-psychologe-m-w-d-teilzeit,51.3658036819346,8.508065140889313
Neuss,Psychologischer Psychotherapeut (m/w/d; bis zu 30 WoStd.),2024-11-04,https://leibniz-psychology.org/produkte/jobs/detail/neuss-psychologischer-psychotherapeut-m-w-d-bis-zu-30-wostd-1,51.19761459747636,6.688438978400921
Mönchengladbach,Psychiatrischer oder psychologischer Psychotherapeut (m/w/d),2024-11-04,https://leibniz-psychology.org/produkte/jobs/detail/moenchengladbach-psychiatrischer-oder-psychologischer-psychotherapeut-m-w-d-3,51.20663830709342,6.446928327544862
Marburg,Leitender Psychologe (m/w/d) Erwachsenenpsychiatrie (1100_000175),2024-11-04,https://leibniz-psychology.org/produkte/jobs/detail/marburg-leitender-psychologe-m-w-d-erwachsenenpsychiatrie-1100-000175-1,50.79268671763888,8.784342991679774
Marburg,Psychologe (m/w/d) (1100_000200),2024-11-04,https://leibniz-psychology.org/produkte/jobs/detail/marburg-psychologe-m-w-d-1100-000200,50.79076142239857,8.787441467308776
Krefeld,Psychologe in psychotherapeutischer Ausbildung (m/w/d; 32 WoStd.),2024-11-04,https://leibniz-psychology.org/produkte/jobs/detail/krefeld-psychologe-in-psychotherapeutischer-ausbildung-m-w-d-32-wostd,51.31327037965878,6.5797977074243645
Hamburg,Psycholog:in (all genders; Teilzeit) (J000003573),2024-11-04,https://leibniz-psychology.org/produkte/jobs/detail/hamburg-psychologin-all-genders-teilzeit-j000003573,53.558458145787924,10.000019986871852
Göttingen,Psychologe (m/w/d; 30 WoStd.) (10600-9124),2024-11-04,https://leibniz-psychology.org/produkte/jobs/detail/goettingen-psychologe-m-w-d-30-wostd-10600-9124,51.53068189860773,9.930131883797277
Göttingen,Psychologin*Psychologe (m/w/d; 20-25 WoStd.),2024-11-04,https://leibniz-psychology.org/produkte/jobs/detail/goettingen-psychologinpsychologe-m-w-d-20-25-wostd,51.542551973795554,9.949559474520363
Bern (CH),PhD or MD-PhD student,2024-11-04,https://leibniz-psychology.org/produkte/jobs/detail/bern-ch-phd-or-md-phd-student,46.96632599262062,7.460107295653058
Berlin,Psychologe / Psychologin (m/w/d) (KFH1973D),2024-11-04,https://leibniz-psychology.org/produkte/jobs/detail/berlin-psychologe-psychologin-m-w-d-kfh1973d,52.5228388240895,13.397212923243274
Berlin,Psychologe / Psychologin (KNK2433D),2024-11-04,https://leibniz-psychology.org/produkte/jobs/detail/berlin-psychologe-psychologin-knk2433d,52.52714871756017,13.394259738639594
Berlin,Psychologische/r Psychotherapeut/-therapeutin in Ausbildung (m/w/d) (WBK0263D),2024-11-04,https://leibniz-psychology.org/produkte/jobs/detail/berlin-psychologische-r-psychotherapeut-therapeutin-in-ausbildung-m-w-d-wbk0263d-3,52.522191083032226,13.383863927583242
Aachen,Wissenschaftliche/-r Mitarbeiter/-in (w/m/d; 75%) (GB-P-49090),2024-11-04,https://leibniz-psychology.org/produkte/jobs/detail/aachen-wissenschaftliche-r-mitarbeiter-in-w-m-d-75-gb-p-49090,50.78685237657742,6.092587959140214
Wiesbaden,Professor (m/w/d; 21. WoStd.) (2024-0695),2024-11-04,https://leibniz-psychology.org/produkte/jobs/detail/wiesbaden-professor-m-w-d-21-wostd-2024-0695,50.08145809967593,8.221767446281532
Tübingen,Psychologin / Psychologe (w/m/d; 65%) (5307),2024-11-04,https://leibniz-psychology.org/produkte/jobs/detail/tuebingen-psychologin-psychologe-w-m-d-65-5307,48.53525491081415,9.07049063713813
Lüneburg,Wissenschaftliche*n Mitarbeiter*in (Postdoc) (Future Education),2024-11-04,https://leibniz-psychology.org/produkte/jobs/detail/lueneburg-wissenschaftlichen-mitarbeiterin-postdoc-future-education,53.26569377881287,10.424586217389917
Köln,Professor (m/w/d) (2024-0702),2024-11-04,https://leibniz-psychology.org/produkte/jobs/detail/koeln-professor-m-w-d-2024-0702,50.92999899645439,6.95440060107184
Kiel,Persönliche:r Referent:in (m/w/d) der Direktorin,2024-11-04,https://leibniz-psychology.org/produkte/jobs/detail/kiel-persoenlicher-referentin-m-w-d-der-direktorin,54.33690757379708,10.148827774037887
Jena,Wissenschaftliche:r Mitarbeiter:in (75%) (221/2024),2024-11-04,https://leibniz-psychology.org/produkte/jobs/detail/jena-wissenschaftlicher-mitarbeiterin-75-221-2024,50.92385201196846,11.580066077917289
Heidelberg,Professor (m/w/d) (2024-0697),2024-11-04,https://leibniz-psychology.org/produkte/jobs/detail/heidelberg-professor-m-w-d-2024-0697,49.424420413175504,8.675074591536585
Hannover,Psychologin (w/d/m) (2750),2024-11-04,https://leibniz-psychology.org/produkte/jobs/detail/hannover-psychologin-w-d-m-2750,52.36330331576541,9.721320724714293
Hamburg,Professor (m/w/d; 21. WoStd.) (2024-0696),2024-11-04,https://leibniz-psychology.org/produkte/jobs/detail/hamburg-professor-m-w-d-21-wostd-2024-0696,53.55967413479509,9.990467404044777
Erfurt,W 3-Professur für Biologische Psychologie,2024-11-04,https://leibniz-psychology.org/produkte/jobs/detail/erfurt-w-3-professur-fuer-biologische-psychologie,50.97940869906884,11.020876829002393
Berlin,W 3- Professur für Klinische Psychologie,2024-11-04,https://leibniz-psychology.org/produkte/jobs/detail/berlin-w-3-professur-fuer-klinische-psychologie,52.497777189485944,13.390426959325413
Berlin,W-3- Professur für Kognitive Neurowissenschaften,2024-11-04,https://leibniz-psychology.org/produkte/jobs/detail/berlin-w-3-professur-fuer-kognitive-neurowissenschaften,52.51390531129981,13.399782144947952
Berlin,Psychologe / Psychologin (Diplom/Master) (m/w/d) (KAU1304),2024-11-04,https://leibniz-psychology.org/produkte/jobs/detail/berlin-psychologe-psychologin-diplom-master-m-w-d-kau1304,52.502221589337054,13.381493466145645
Berlin,Kinder- und Jugendlichenpsychotherapeut / -psychotherapeutinnen (m/w/d) (MVZ0084),2024-11-04,https://leibniz-psychology.org/produkte/jobs/detail/berlin-kinder-und-jugendlichenpsychotherapeut-psychotherapeutinnen-m-w-d-mvz0084,52.52795403417047,13.378943586295733
Berlin,Wissenschaftliche*r Mitarbeiter*in (m/w/d; 50%) (2/2010/24),2024-11-04,https://leibniz-psychology.org/produkte/jobs/detail/berlin-wissenschaftlicher-mitarbeiterin-m-w-d-50-2-2010-24,52.51147259080705,13.405858984521402
Potsdam,Akademische*r Mitarbeiter*in (w/m/d; 10 WoStd.) (71/2024),2024-10-31,https://leibniz-psychology.org/produkte/jobs/detail/potsdam-akademischer-mitarbeiterin-w-m-d-10-wostd-71-2024,52.39671107152048,13.056308293902683
Oldenburg,Wissenschaftliche*r Mitarbeiter*in zur Promotion (75%) (FwN_Promotion_Sansour),2024-10-31,https://leibniz-psychology.org/produkte/jobs/detail/oldenburg-wissenschaftlicher-mitarbeiterin-zur-promotion-75-fwn-promotion-sansour,53.157620720473865,8.198427016484946
Murnau am Staffelsee,Psychologe (m/w/d),2024-10-31,https://leibniz-psychology.org/produkte/jobs/detail/murnau-am-staffelsee-psychologe-m-w-d-1,47.69335319586644,11.198993258660462
Murnau am Staffelsee,Kinder- und Jugendlichenpsychotherapeut (m/w/d),2024-10-31,https://leibniz-psychology.org/produkte/jobs/detail/murnau-am-staffelsee-kinder-und-jugendlichenpsychotherapeut-m-w-d,47.667112336157246,11.219867961455739
"München, Wiesbaden",Psychologischer Psychotherapeut (m/w/d) (2024-0363),2024-10-31,https://leibniz-psychology.org/produkte/jobs/detail/muenchen-wiesbaden-psychologischer-psychotherapeut-m-w-d-2024-0363-1,,
Lüneburg,"Psycholog:in (m/w/d; 30,8 WoStd.) in Ausbildung E11",2024-10-31,https://leibniz-psychology.org/produkte/jobs/detail/lueneburg-psychologin-m-w-d-308-wostd-in-ausbildung-e11,53.23678559902691,10.409687783575324
Ingolstadt,Verkehrspsychologe (m/w/d; mind. 50%),2024-10-31,https://leibniz-psychology.org/produkte/jobs/detail/ingolstadt-verkehrspsychologe-m-w-d-mind-50,48.75166508676304,11.423379150069756
Campus Heilbronn,Research Fellow (PhD Candidate; m/f/d) Digital Marketing,2024-10-31,https://leibniz-psychology.org/produkte/jobs/detail/campus-heilbronn-research-fellow-phd-candidate-m-f-d-digital-marketing,49.29189558529662,9.694729481992601
Genève (CH),Candidat-e au doctorat - 4DOC-R (6009),2024-10-31,https://leibniz-psychology.org/produkte/jobs/detail/geneve-ch-candidat-e-au-doctorat-4doc-r-6009,46.208224876373,6.130049173832225
Berlin,Teamleiter/-in Personalwesen (m/w/d) (4.12/10/2024),2024-10-31,https://leibniz-psychology.org/produkte/jobs/detail/berlin-teamleiter-in-personalwesen-m-w-d-412-10-2024,52.510129569798536,13.39564099935433
Adorf/Vogtland,Approbierter Psychologischer Psychotherapeut (m/w/d),2024-10-31,https://leibniz-psychology.org/produkte/jobs/detail/adorf-vogtland-approbierter-psychologischer-psychotherapeut-m-w-d,50.32278921840718,12.251186837113993
Mühlhausen,Psychologische Psychotherapeuten und Psychologen (m/w/d),2024-10-30,https://leibniz-psychology.org/produkte/jobs/detail/muehlhausen-psychologische-psychotherapeuten-und-psychologen-m-w-d,51.223242404127745,10.461923446116971
Kassel,Psychologe (m/w/d) (1300_000609),2024-10-30,https://leibniz-psychology.org/produkte/jobs/detail/kassel-psychologe-m-w-d-1300-000609,51.308022323688576,9.503685221106563
Kassel,Psychologischer Psychotherapeut (m/w/d) (1700_000153),2024-10-30,https://leibniz-psychology.org/produkte/jobs/detail/kassel-psychologischer-psychotherapeut-m-w-d-1700-000153-2,51.302468902476384,9.492435413987275
Kassel,Psychologe/ Kinder- und Jugendlichenpsychotherapeut (m/w/d) (1700_000147),2024-10-30,https://leibniz-psychology.org/produkte/jobs/detail/kassel-psychologe-kinder-und-jugendlichenpsychotherapeut-m-w-d-1700-000147-3,51.31306202341059,9.478139279350671
Hohenselchow-Groß Pinnow,Psychologe (m/w/d; 15 WoStd.),2024-10-30,https://leibniz-psychology.org/produkte/jobs/detail/hohenselchow-gross-pinnow-psychologe-m-w-d-15-wostd,53.205072148323296,14.285983570880344
Hanau,Psychologe (m/w/d) Kinderstation (1500_000641),2024-10-30,https://leibniz-psychology.org/produkte/jobs/detail/hanau-psychologe-m-w-d-kinderstation-1500-000641,50.1358885044797,8.928530331585089
Hanau,Psychologe/-in (m/w/d) (1500_000595),2024-10-30,https://leibniz-psychology.org/produkte/jobs/detail/hanau-psychologe-in-m-w-d-1500-000595-1,50.13660421111404,8.910772401755517
Frankfurt (Oder),Psychologin / Psychologe (w/m/d)*,2024-10-30,https://leibniz-psychology.org/produkte/jobs/detail/frankfurt-oder-psychologin-psychologe-w-m-d,52.34079196241808,14.54395135855635
Coburg,"Psychologe (m/w/d; 20 WoStd.) Dipl., M.A. für die Suchtberatungsstelle (42-9000-2024)",2024-10-30,https://leibniz-psychology.org/produkte/jobs/detail/coburg-psychologe-m-w-d-20-wostd-dipl-ma-fuer-die-suchtberatungsstelle-42-9000-2024,50.24504629529204,10.959936299147241
Bohmte,Pädagogische Fachkraft (m/w/d),2024-10-30,https://leibniz-psychology.org/produkte/jobs/detail/bohmte-paedagogische-fachkraft-m-w-d-1,52.355833192607435,8.305363945618815
Bochum,Psychologe (m/w/d; 29 WoStd.) Jugendprojekt „Förderung U 25“,2024-10-30,https://leibniz-psychology.org/produkte/jobs/detail/bochum-psychologe-m-w-d-29-wostd-jugendprojekt-foerderung-u-25,51.48362436100948,7.213824527730296
Ahorn,"Psychologe (m/w/d; 26 WoStd.) Dipl., M.A. (26-9000-2024)",2024-10-30,https://leibniz-psychology.org/produkte/jobs/detail/ahorn-psychologe-m-w-d-26-wostd-dipl-ma-26-9000-2024,49.50775489906008,9.545130800886868
Oldenburg,Wissenschaftliche*r Mitarbeiter*in zur Habilitation (75%) (FwN_Habilitation_Sansour),2024-10-29,https://leibniz-psychology.org/produkte/jobs/detail/oldenburg-wissenschaftlicher-mitarbeiterin-zur-habilitation-75-fwn-habilitation-sansour,53.1396487863061,8.201753864605257
Göttingen,Wissenschaftliche*r Mitarbeiter*in (w/m/d) (2950),2024-10-29,https://leibniz-psychology.org/produkte/jobs/detail/goettingen-wissenschaftlicher-mitarbeiterin-w-m-d-2950,51.53595167657777,9.938092591651497
Wildeck-Richelsdorf,"Psychologischer Psychotherapeut, Psychologe, Sozialpädagoge oder Sozialarbeiter (m/w/d)",2024-10-29,https://leibniz-psychology.org/produkte/jobs/detail/wildeck-richelsdorf-psychologischer-psychotherapeut-psychologe-sozialpaedagoge-oder-sozialarbeiter-m-w-d,50.97075126721246,10.012024637688555
Willich,Diplom-Psychologe/in bzw. Psychologe/in M.A./M.Sc. (50%) (241 E - 1.86),2024-10-29,https://leibniz-psychology.org/produkte/jobs/detail/willich-diplom-psychologe-in-bzw-psychologe-in-ma-msc-50-241-e-186,51.278061842079794,6.56455655147233
Kassel,Wissenschaftliche:r Mitarbeiter:in (m/w/d; 20 WoStd.) (37834),2024-10-29,https://leibniz-psychology.org/produkte/jobs/detail/kassel-wissenschaftlicher-mitarbeiterin-m-w-d-20-wostd-37834,51.317801686070304,9.481424802770416
Mannheim,Doktorand / Wissenschaftlicher Mitarbeiter (m/w/d) Entwicklungsneurowissenschaften,2024-10-29,https://leibniz-psychology.org/produkte/jobs/detail/mannheim-doktorand-wissenschaftlicher-mitarbeiter-m-w-d-entwicklungsneurowissenschaften,49.48831374865877,8.453071145693059
Haina (Kloster),Psychologe (m/w/d) (1300_000615),2024-10-29,https://leibniz-psychology.org/produkte/jobs/detail/haina-kloster-psychologe-m-w-d-1300-000615,51.02052273666456,8.996943359940206
Eschwege,Psychologe / Kinder- und Jugendlichenpsychotherapeut (m/w/d) (1700_000149),2024-10-29,https://leibniz-psychology.org/produkte/jobs/detail/eschwege-psychologe-kinder-und-jugendlichenpsychotherapeut-m-w-d-1700-000149-1,51.15714996080112,10.051361219971323
Erlangen,"Wissenschaftlicher Mitarbeiter (w/m/d; 28,875 WoStd.) (9316)",2024-10-29,https://leibniz-psychology.org/produkte/jobs/detail/erlangen-wissenschaftlicher-mitarbeiter-w-m-d-28875-wostd-9316,49.60464131444217,10.990558965397609
Erding,Dipl./Master Psychologen (w/m/d; 30-36 WoStd.) (2444),2024-10-29,https://leibniz-psychology.org/produkte/jobs/detail/erding-dipl-master-psychologen-w-m-d-30-36-wostd-2444,48.311720604110555,11.902638533530899
Eppingen-Kleingartach,Psychologischer Fachdienst (m/w/d) (24051),2024-10-29,https://leibniz-psychology.org/produkte/jobs/detail/eppingen-kleingartach-psychologischer-fachdienst-m-w-d-24051,49.10445837683653,8.983698669420813
Eltville am Rhein,Psychologen / Psychologin (m/w/d) (1000_000201),2024-10-29,https://leibniz-psychology.org/produkte/jobs/detail/eltville-am-rhein-psychologen-psychologin-m-w-d-1000-000201,50.038404418118404,8.135933540254575
Calw-Hirsau,Leitender Psychologe (w/m/d),2024-10-29,https://leibniz-psychology.org/produkte/jobs/detail/calw-hirsau-leitender-psychologe-w-m-d,48.74833883102168,8.724591871239959
Berchtesgaden,Psychologe oder Psychologischer Psychotherapeut (m/w/d),2024-10-29,https://leibniz-psychology.org/produkte/jobs/detail/berchtesgaden-psychologe-oder-psychologischer-psychotherapeut-m-w-d,47.61835145106561,13.005376711733922
Bad Hersfeld,Psychologischer Psychotherapeut oder Psychologe (m/w/d),2024-10-29,https://leibniz-psychology.org/produkte/jobs/detail/bad-hersfeld-psychologischer-psychotherapeut-oder-psychologe-m-w-d-1,50.8791736015379,9.699275164405437
Alsfeld,Psychologe (m/w/d) (1100_000199),2024-10-29,https://leibniz-psychology.org/produkte/jobs/detail/alsfeld-psychologe-m-w-d-1100-000199,50.76607673149938,9.255606999829531
Berlin,"Psychologe (m/w/d; 22,62 WoStd.) (5906)",2024-10-24,https://leibniz-psychology.org/produkte/jobs/detail/berlin-psychologem-w-d-2262-wostd-5906,52.51668228816899,13.387649078153173
